pubmed_id,author_rank,last_name,fore_name,initials
37742137,0,Talbot,Jack S,JS
37742137,1,Perkins,Dean R,DR
37742137,2,Tallon,Christine M,CM
37742137,3,Dawkins,Tony G,TG
37742137,4,Douglas,Andrew J M,AJM
37742137,5,Beckerleg,Ryan,R
37742137,6,Crofts,Andrew,A
37742137,7,Wright,Melissa E,ME
37742137,8,Davies,Saajan,S
37742137,9,Steventon,Jessica J,JJ
37742137,10,Murphy,Kevin,K
37742137,11,Lord,Rachel N,RN
37742137,12,Pugh,Christopher J A,CJA
37742137,13,Oliver,Jon L,JL
37742137,14,Lloyd,Rhodri S,RS
37742137,15,Ainslie,Philip N,PN
37742137,16,McManus,Ali M,AM
37742137,17,Stembridge,Mike,M
37742170,0,Lama,Poonam,P
37742170,1,Jha,Gautam,G
37742170,2,Amatya,Indra Prasad,IP
37742167,0,Bhandari,Isha,I
37742167,1,Karmacharya Malla,Kalpana,K
37742167,2,Chaudhary,Brajesh Raj,BR
37742167,3,Ghimire,Pukar,P
37742166,0,Acharya,Priti,P
37742166,1,Neupane,Anil Prasad,AP
37742166,2,Sigdel,Brihaspati,B
37742166,3,Ghimire,Laxmi,L
37742166,4,Pant,Madhab Raj,MR
37742166,5,Budhathoki,Abiruchi,A
37742166,6,Poudyal,Anil,A
37742163,0,Pant,Suman,S
37742163,1,Rajbhandari,Bibek,B
37742163,2,Gurung,Minani,M
37742163,3,Poudel,Lisasha,L
37742163,4,Maharjan,Ashmita,A
37742163,5,Nepal,Sujita,S
37742163,6,Thapa,Tek Bahadur,TB
37742163,7,Malla,Nabina,N
37742163,8,Lama,Tashi,T
37742163,9,Sharma,Dikshya,D
37742163,10,Gurung,Chandani,C
37742163,11,Parajuli,Yubraj,Y
37742163,12,Panta,Niranjan,N
37742157,0,Shah,Tej Prakash,TP
37742157,1,Shrestha,Anjan,A
37742157,2,Agrawal,Jagdish Prasad,JP
37742157,3,Rimal,Suman,S
37742157,4,Basnet,Anita,A
37742161,0,Chaulagain,Rajib,R
37742161,1,Thakur,Smriti Narayan,SN
37742161,2,Khanal,Bibek,B
37742161,3,Sapkota,Srijana Mishra,SM
37742161,4,Chaudhary,Navin Kumar,NK
37742168,0,Malla,Pragya,P
37742168,1,Khanal,Madhav Prasad,MP
37742168,2,Pokhrel,Asmita,A
37742168,3,Sah,Bishesh,B
37742168,4,Pathak,Sonam,S
37742168,5,Subedi,Anukul,A
37742168,6,Sapkota,Srijana,S
37742169,0,Dhakal,Ajaya Kumar,AK
37742169,1,Adhikari,Ramesh Kant,RK
37742165,0,Jaisani,Mehul R,MR
37742165,1,Dongol,Ashok,A
37742165,2,Acharya,Pradeep,P
37742165,3,Yadav,Anjani Kr,AK
37742165,4,Pasvan,Chandrakant,C
37742165,5,Rai,Siddhartha,S
37742165,6,Laverick,Sean,S
37742159,0,Sah,Sadhana,S
37742159,1,Dangal,Ganesh,G
37742159,2,Jha,Meena,M
37742171,0,Bista,Bipin,B
37742171,1,Yadav,Reena,R
37742171,2,Gupta,Sharad,S
37742171,3,Das,Sandip Sanyam,SS
37742171,4,Rajak,Ashik,A
37742171,5,Acharya,Rajesh,R
37742171,6,Neupane,Rasik,R
37742171,7,Bista,Padam Raj,PR
37742160,0,Yodying,Jirawadee,J
37742160,1,Sunmahakhun,Chantham,C
37742160,2,Ghimire,Pradesh,P
37742160,3,Bista,Neha,N
37742151,0,Thapa,Bipin,B
37742151,1,Sapkota,Suman,S
37742151,2,Khanal,Anil,A
37742151,3,Aryal,Binod Kumar,BK
37742151,4,Hu,Yifei,Y
37742155,0,Pudasaini,Sangita,S
37742155,1,Dangal,Ganesh,G
37742148,0,Ghimire,Mahesh Raj,MR
37742148,1,Acharya,Sumnima,S
37742148,2,Pandey,Sundar,S
37742106,4,Zawadzki,Marcin,M
37742106,5,Kropińska,Sylwia,S
37742106,6,Leppert,Wojciech,W
37742106,7,Wieczorowska-Tobis,Katarzyna,K
37742108,0,Luo,Shanshan,S
37742108,1,Ye,Danyu,D
37742108,2,Wang,Yu,Y
37742108,3,Liu,Xingeng,X
37742108,4,Wang,Xiaoqian,X
37742108,5,Xie,Liping,L
37742108,6,Ji,Yong,Y
37742099,0,Peng,Bohao,B
37742099,1,Liu,Zaichun,Z
37742099,2,Zhou,Qi,Q
37742099,3,Xiong,Xiaosong,X
37742099,4,Xia,Shuang,S
37742099,5,Yuan,Xuelong,X
37742099,6,Wang,Faxing,F
37742099,7,Ozoemena,Kenneth I,KI
37742099,8,Liu,Lili,L
37742099,9,Fu,Lijun,L
37742099,10,Wu,Yuping,Y
37742092,0,McDaniel,Jena,J
37742092,1,Krimm,Hannah,H
37742092,2,Schuele,C Melanie,CM
37742098,0,Li,Ang Ju,AJ
37742098,1,Gayatri,Athalye-Jape,AJ
37742098,2,Shripada,Rao,R
37742098,3,Max,Bulsara,B
37742098,4,Sanjay,Patole,P
37742097,0,Zarus,Gregory M,GM
37742097,1,Muianga,Custodio,C
37742097,2,Brenner,Stephan,S
37742097,3,Stallings,Katie,K
37742097,4,Casillas,Gaston,G
37742097,5,Pohl,Hana R,HR
37742097,6,Mumtaz,M Moiz,MM
37742097,7,Gehle,Kimberly,K
37742095,0,Yang,Chao,C
37742095,1,Zheng,Mengting,M
37742095,2,Qu,Rui,R
37742095,3,Zhang,Hanyin,H
37742095,4,Yin,Luming,L
37742095,5,Hu,Wenxi,W
37742095,6,Han,Jin,J
37742095,7,Lu,Jun,J
37742095,8,You,Ya,Y
37742094,0,Rahamimov,Ruth,R
37742094,1,Agur,Timna,T
37742094,2,Zingerman,Boris,B
37742094,3,Bielopolski,Dana,D
37742094,4,Steinmetz,Tali,T
37742094,5,Nesher,Eviatar,E
37742094,6,Hanniel,Iddo,I
37742094,7,Rozen-Zvi,Benaya,B
37742091,0,Zeng,Youjie,Y
37742091,1,Cao,Si,S
37742091,2,Yang,Heng,H
37742093,0,Zhang,Hong,H
37742093,1,Chen,Binrui,B
37742093,2,Zhao,Xiaoyi,X
37742093,3,Hu,Jing,J
37742093,4,Dong,Zhijie,Z
37742093,5,Xiao,Hui,H
37742093,6,Yuan,Yanwen,Y
37742093,7,Guo,Fei,F
37742093,8,Wang,Yu,Y
37742093,9,Ni,Dejiang,D
37742093,10,Wang,Pu,P
37742096,0,Shan,Songzhe,S
37742096,1,Tang,Zhenhang,Z
37742096,2,Sun,Kaida,K
37742096,3,Jin,Wenjing,W
37742096,4,Pan,Haihua,H
37742096,5,Tang,Ruikang,R
37742096,6,Yin,Wei,W
37742096,7,Xie,Zhijian,Z
37742096,8,Chen,Zhuo,Z
37742096,9,Shao,Changyu,C
37742088,0,Totten,Douglas J,DJ
37742088,1,Awaysheh,Amrou,A
37742088,2,Ramakrishnan,Vijay R,VR
37742086,0,Chamberlin,Keran W,KW
37742086,1,Li,Chenxi,C
37742086,2,Luo,Zhehui,Z
37742086,3,Chen,Honglei,H
37742090,0,Watari,Takashi,T
37742090,1,Houchens,Nathan,N
37742090,2,Otsuka,Tomoe,T
37742090,3,Endo,Takeshi,T
37742090,4,Odagawa,Seiji,S
37742090,5,Nakano,Yasuhisa,Y
37742090,6,Kataoka,Hitomi,H
37742090,7,Miwa,Mamoru,M
37742090,8,Yamasaki,Daisaku,D
37742090,9,Tokuda,Yasuharu,Y
37742090,10,Shiraishi,Yoshihiko,Y
37742090,11,Sakaguchi,Kota,K
37742085,0,Itoi,Takamasa,T
37742085,1,Kutara,Kenji,K
37742038,8,Rothe,Michael,M
37742032,0,Scisciola,Lucia,L
37742032,1,Chianese,Ugo,U
37742032,2,Caponigro,Vicky,V
37742032,3,Basilicata,Manuela Giovanna,MG
37742032,4,Salviati,Emanuela,E
37742032,5,Altucci,Lucia,L
37742032,6,Campiglia,Pietro,P
37742032,7,Paolisso,Giuseppe,G
37742032,8,Barbieri,Michelangela,M
37742032,9,Benedetti,Rosaria,R
37742032,10,Sommella,Eduardo,E
37742036,0,Jolly,Pauline E,PE
37742036,1,Junkins,Anna,A
37742036,2,Aung,Maung,M
37742035,0,Hu,Jingyi,J
37742035,1,Zhou,Meng,M
37742035,2,Zhang,Yujie,Y
37742035,3,Zhang,Xi,X
37742035,4,Ji,Xiaoming,X
37742035,5,Zhao,Mingqin,M
37742035,6,Lai,Miao,M
37742033,0,Pedersen,Mia Lindegaard,ML
37742033,1,Neve-Græsbøll,Amalie,A
37742033,2,Herlin,Troels,T
37742033,3,Glerup,Mia,M
37742027,0,Mardani,Parviz,P
37742027,1,Nekooeian,Mohammad,M
37742027,2,Zangeneh,Saba,S
37742027,3,Kamran,Hooman,H
37742027,4,Shahriarirad,Reza,R
37742027,5,Anbardar,Mohammad Hossein,MH
37742027,6,Amirian,Armin,A
37742027,7,Vafabin,Masoud,M
37742029,0,Wang,Shunxing,S
37742029,1,Yao,Shuxin,S
37742029,2,Shang,Lei,L
37742029,3,Xu,Chao,C
37742029,4,Ma,Jianbing,J
37742031,0,Elbordiny,Haydi S,HS
37742031,1,Elonsy,Sohila M,SM
37742031,2,Daabees,Hoda G,HG
37742031,3,Belal,Tarek S,TS
37742022,0,Yan,Huiqing,H
37742022,1,Ma,Dandan,D
37742022,2,Yi,Peipei,P
37742022,3,Sun,Guilian,G
37742022,4,Chen,Xingyan,X
37742022,5,Yi,Yin,Y
37742022,6,Huang,Xiaolong,X
37742021,0,Amstutz,C,C
37742021,1,Behr,J,J
37742021,2,Krebs,S,S
37742021,3,Haeberlin,A,A
37742021,4,Vogel,R,R
37742021,5,Zurbuchen,A,A
37742021,6,Burger,J,J
37742026,0,Zhang,Jun-Wen,JW
37742026,1,Wang,Ya-Nan,YN
37742026,2,Zhong,Mei-Ling,ML
37742026,3,Liang,Mei-Rong,MR
37742016,0,Jiang,Lu,L
37742016,1,Hu,Xiaohan,X
37742016,2,Lin,Qiang,Q
37742016,3,Chen,Ruyue,R
37742016,4,Shen,Yunyan,Y
37742016,5,Zhu,Yun,Y
37742016,6,Xu,Qinying,Q
37742016,7,Li,Xiaozhong,X
37742025,0,Lian,Jing,J
37742025,1,Lin,Dongxin,D
37742025,2,Huang,Yuchan,Y
37742025,3,Chen,Xiaohui,X
37742025,4,Chen,Lian,L
37742025,5,Zhang,Fan,F
37742025,6,Tang,Peiling,P
37742025,7,Xie,Jinling,J
37742025,8,Hou,Xiaotao,X
37742025,9,Du,Zhengcai,Z
37742025,10,Deng,Jiagang,J
37742025,11,Hao,Erwei,E
37742025,12,Liu,Junhui,J
37742023,0,Hadwa,Shimaa M,SM
37742023,1,Ghouraba,Rehab F,RF
37742023,2,Kabbash,Ibrahim A,IA
37742023,3,El-Desouky,Shaimaa S,SS
37742024,0,Piao,Xianyu,X
37742024,1,Jiang,Ning,N
37742024,2,Liu,Shuai,S
37742024,3,Duan,Jiamei,J
37742024,4,Dai,Hang,H
37742024,5,Hou,Nan,N
37742024,6,Chen,Qijun,Q
37742028,0,Luo,Wei,W
37742028,1,He,Yu,Y
37742028,2,Wei,Mao Gang,MG
37742028,3,Lu,Guang Bing,GB
37742028,4,Yi,Qun,Q
37742019,0,Roohaninasab,Masoumeh,M
37742019,1,Khodadad,Fariba,F
37741982,2,He,Dalin,D
37741982,3,Diao,Youxiang,Y
37741982,4,Tang,Yi,Y
37741983,0,Toney,Nicole J,NJ
37741983,1,Schlom,Jeffrey,J
37741983,2,Donahue,Renee N,RN
37741976,0,Sun,Jianhui,J
37741976,1,Zhang,Huacai,H
37741976,2,Liu,Di,D
37741976,3,Liu,Wenyi,W
37741976,4,Du,Juan,J
37741976,5,Wen,Dalin,D
37741976,6,Li,Luoxi,L
37741976,7,Zhang,Anqiang,A
37741976,8,Jiang,Jianxin,J
37741976,9,Zeng,Ling,L
37741974,0,Demircan,Kamil,K
37741974,1,Bengtsson,Ylva,Y
37741974,2,Chillon,Thilo Samson,TS
37741974,3,Vallon-Christersson,Johan,J
37741974,4,Sun,Qian,Q
37741974,5,Larsson,Christer,C
37741974,6,Malmberg,Martin,M
37741974,7,Saal,Lao H,LH
37741974,8,Rydén,Lisa,L
37741974,9,Borg,Åke,Å
37741974,10,Manjer,Jonas,J
37741974,11,Schomburg,Lutz,L
37741965,0,Biswas,Aviroop,A
37741965,1,Chen,Cynthia,C
37741965,2,Dobson,Kathleen G,KG
37741965,3,Prince,Stephanie A,SA
37741965,4,Shahidi,Faraz Vahid,FV
37741965,5,Smith,Peter M,PM
37741965,6,Fuller,Daniel,D
37741968,0,Spiers,Laura,L
37741968,1,Gray,Michael,M
37741968,2,Lyon,Paul,P
37741968,3,Sivakumar,Shivan,S
37741968,4,Bekkali,Noor,N
37741968,5,Scott,Shaun,S
37741968,6,Collins,Linda,L
37741968,7,Carlisle,Robert,R
37741968,8,Wu,Feng,F
37741968,9,Middleton,Mark,M
37741968,10,Coussios,Constantin,C
37741977,0,Sara,Ghasem Pour,GP
37741977,1,Ryesa,Mansoor,M
37741977,2,Muzayyana,Akhmadjonova,A
37741977,3,Myles,S Faith,SF
37741977,4,Leah,Lipsky,L
37741977,5,Tonja,Nansel,N
37741977,6,Kyle,S Burger,SB
37741977,7,Siega-Riz,Anna Maria,AM
37741977,8,Shearrer,E Grace,EG
37741978,0,Yin,Shi,S
37741978,1,Lin,Sihan,S
37741978,2,Xu,Jingyi,J
37741978,3,Yang,Guangzheng,G
37741978,4,Chen,Hongyan,H
37741978,5,Jiang,Xinquan,X
37741971,0,Liu,Wen,W
37741971,1,Jao,Ying-Ling,YL
37741971,2,Paudel,Anju,A
37741971,3,Yoon,Si On,SO
37741975,0,Liu,Fangyu,F
37741975,1,Xu,Yongmei,Y
37741975,2,Yang,Guowang,G
37741975,3,Guo,Yuhong,Y
37741975,4,Nian,Jiayun,J
37741972,0,Viklund,Emilia W E,EWE
37741972,1,Forsman,Anna K,AK
37741972,2,Nordmyr,Johanna,J
37741970,0,Moreno,Elena,E
37741970,1,Martínez-Sanz,Javier,J
37741970,2,Martín-Mateos,Rosa,R
37741970,3,Díaz-Álvarez,Jorge,J
37741970,4,Serrano-Villar,Sergio,S
37741970,5,Burgos-Santamaría,Diego,D
37741970,6,Luna,Laura,L
37741970,7,Vivancos,María Jesús,MJ
37741970,8,Moreno-Zamora,Ana,A
37741970,9,Pérez-Elías,María Jesús,MJ
37741970,10,Moreno,Santiago,S
37741970,11,Dronda,Fernando,F
37741970,12,Montes,María Luisa,ML
37741970,13,Sánchez-Conde,Matilde,M
37741967,0,Mahdaviani,Seyed Alireza,SA
37741967,1,Ghadimi,Soodeh,S
37741967,2,Fallahi,Mazdak,M
37741967,3,Hashemi-Moghaddam,Seyedeh Atefeh,SA
37741967,4,Chavoshzadeh,Zahra,Z
37741967,5,Puel,Anne,A
37741967,6,Rezaei,Nima,N
37741967,7,Rekabi,Mahsa,M
37741967,8,Daneshmandi,Zahra,Z
37741967,9,Sheikhy,Kambiz,K
37741967,10,Kakhki,Abolghasem Daneshvar,AD
37741967,11,Saghebi,Seyed Reza,SR
37741967,12,Pejhan,Saviz,S
37741905,3,Berridge,Craig W,CW
37741932,0,O'Reilly,Megan,M
37741932,1,Lee,Tze-Fun,TF
37741932,2,Cheung,Po-Yin,PY
37741932,3,Schmölzer,Georg M,GM
37741913,0,Khan,Mohammed Affan Osman,MAO
37741913,1,Suvvari,Tarun Kumar,TK
37741913,2,Harooni,Syed Asif Shah,SAS
37741913,3,Khan,Aleem Ahmed,AA
37741913,4,Anees,Syyeda,S
37741913,5,Bushra,None,None
37741917,0,Chimdesa,Firanboni Fituma,FF
37741917,1,Chimdesa,Firaol Fituma,FF
37741917,2,Jilo,Nagessa Zerihun,NZ
37741917,3,Hulagabali,Anand,A
37741917,4,Babalola,Olusola Emmanuel,OE
37741917,5,Tiyasha,Tiyasha,T
37741917,6,Ramaswamy,Krishnaraj,K
37741917,7,Kumar,Adarsh,A
37741917,8,Bhagat,Suraj Kumar,SK
37741927,0,Kwon,Duhyuk,D
37741927,1,Kwak,Yongsu,Y
37741927,2,Lee,Doopyo,D
37741927,3,Jo,Wonkeun,W
37741927,4,Cho,Byeong-Gwan,BG
37741927,5,Koo,Tae-Yeong,TY
37741927,6,Song,Jonghyun,J
37741922,0,Claunch,Natalie M,NM
37741922,1,Goodman,Colin M,CM
37741922,2,Kluever,Bryan M,BM
37741922,3,Barve,Narayani,N
37741922,4,Guralnick,Robert P,RP
37741922,5,Romagosa,Christina M,CM
37741924,0,Vestergaard,Jesper Medom,JM
37741924,1,Dalbøge,Annett,A
37741924,2,Bonde,Jens Peter Ellekilde,JPE
37741924,3,Garde,Anne Helene,AH
37741924,4,Hansen,Johnni,J
37741924,5,Hansen,Åse Marie,ÅM
37741924,6,Larsen,Ann Dyreborg,AD
37741924,7,Härmä,Mikko,M
37741924,8,Costello,Sadie,S
37741924,9,Böttcher,Morten,M
37741924,10,Kolstad,Henrik Albert,HA
37741918,0,Karimi,Zohre,Z
37741921,0,El-Fatatry,Basma Mahrous,BM
37741921,1,El-Haggar,Sahar Mohamed,SM
37741921,2,Ibrahim,Osama Mohamed,OM
37741921,3,Shalaby,Khaled Hamed,KH
37741929,0,Piña-Varas,P,P
37741929,1,Ledo,J,J
37741929,2,Queralt,P,P
37741929,3,van Dorth,D Martínez,DM
37741929,4,Marcuello,A,A
37741929,5,Cabrera-Pérez,I,I
37741929,6,D'Auria,L,L
37741929,7,Martí,A,A
37741926,0,Sun,Beatrice J,BJ
37741926,1,Yue,Tiffany M,TM
37741926,2,Xu,Nova,N
37741926,3,Fowler,Cedar,C
37741926,4,Lee,Byrne,B
37741914,0,Gonçalez Filho,Walter,W
37741914,1,Borga,Matteo,M
37741914,2,Geens,Karen,K
37741914,3,Cingu,Deepthi,D
37741914,4,Chatterjee,Urmimala,U
37741914,5,Banerjee,Sourish,S
37741914,6,Vohra,Anurag,A
37741914,7,Han,Han,H
37741914,8,Minj,Albert,A
37741914,9,Hahn,Herwig,H
37741914,10,Marx,Matthias,M
37741914,11,Fahle,Dirk,D
37741914,12,Bakeroot,Benoit,B
37741914,13,Decoutere,Stefaan,S
37741915,0,Wang,Xiangyu,X
37741915,1,Li,Shuangting,S
37741915,2,Song,Huimin,H
37741915,3,Ding,Yan,Y
37741915,4,Gao,Ruifang,R
37741915,5,Shi,Xiaotong,X
37741915,6,Li,Ran,R
37741915,7,Ge,Xuejun,X
37741916,0,Merah,Meriem,M
37741916,1,Boudoukha,Chahra,C
37741916,2,Avalos Ramirez,Antonio,A
37741916,3,Haroun,Mohamed Fahim,MF
37741916,4,Maane,Samira,S
37741923,0,Habert,Paul,P
37741923,1,Chetrit,Elsa,E
37741923,2,Coiffard,Benjamin,B
37741923,3,Bregeon,Fabienne,F
37741923,4,Thomas,Pascal,P
37741923,5,Loundou,Anderson,A
37741923,6,Bermudez,Julien,J
37741923,7,Reynaud-Gaubert,Martine,M
37741923,8,Gaubert,Jean-Yves,JY
37741901,0,Yuan,Tianyi,T
37741901,1,Zhang,Siming,S
37741872,5,El-Gendi,Hamada,H
37741876,0,Chen,Chong-Kun,CK
37741876,1,Li,Gang,G
37741876,2,Liu,Jia,J
37741876,3,Xi,Yu,Y
37741876,4,Nan,Jing-Jing,JJ
37741858,0,Mavrakanas,Thomas A,TA
37741858,1,Tsoukas,Michael A,MA
37741858,2,Brophy,James M,JM
37741858,3,Sharma,Abhinav,A
37741858,4,Gariani,Karim,K
37741874,0,Wu,Chih-Chieh,CC
37741874,1,Chen,Wei-Lun,WL
37741874,2,Tseng,Cheng-Wei,CW
37741874,3,Su,Yung-Cheng,YC
37741874,4,Chen,Hsin-Ling,HL
37741874,5,Lin,Chung-Lung,CL
37741874,6,Hung,Tzu-Yao,TY
37741867,0,Sullivan,Andrew T,AT
37741867,1,Rao,Vibha,V
37741867,2,Rockwood,Tyler,T
37741867,3,Gandhi,Jahnavi,J
37741867,4,Gruzka,Sarah,S
37741867,5,O'Connor,Logan,L
37741867,6,Wang,Bonnie,B
37741867,7,Ragan,Katherine B,KB
37741867,8,Zhang,David Yu,DY
37741867,9,Khodakov,Dmitriy,D
37741862,0,Rinaldi,Eugenia,E
37741862,1,Drenkhahn,Cora,C
37741862,2,Gebel,Benjamin,B
37741862,3,Saleh,Kutaiba,K
37741862,4,Tönnies,Hauke,H
37741862,5,von Loewenich,Friederike D,FD
37741862,6,Thoma,Norbert,N
37741862,7,Baier,Claas,C
37741862,8,Boeker,Martin,M
37741862,9,Hinske,Ludwig Christian,LC
37741862,10,Diaz,Luis Alberto Peña,LAP
37741862,11,Behnke,Michael,M
37741862,12,Ingenerf,Josef,J
37741862,13,Thun,Sylvia,S
37741865,0,Nazari,Leyla,L
37741865,1,Aslan,Muhammet Fatih,MF
37741865,2,Sabanci,Kadir,K
37741865,3,Ropelewska,Ewa,E
37741864,0,Arango-Restrepo,A,A
37741864,1,Rubi,J M,JM
37741866,0,Liu,Wendy W,WW
37741866,1,Kinzy,Tyler G,TG
37741866,2,Cooke Bailey,Jessica N,JN
37741866,3,Xu,Zihe,Z
37741866,4,Hysi,Pirro,P
37741866,5,Wiggs,Janey L,JL
37741866,6,None,None,None
37741861,0,Ishi,Shinyo,S
37741861,1,Kanno,Emi,E
37741861,2,Tanno,Hiromasa,H
37741861,3,Kurosaka,Shiho,S
37741861,4,Shoji,Miki,M
37741861,5,Imai,Toshiro,T
37741861,6,Yamaguchi,Kenji,K
37741861,7,Kotsugai,Kanna,K
37741861,8,Niiyama,Momoko,M
37741861,9,Kurachi,Haruko,H
37741861,10,Makabe,Fuko,F
37741861,11,Watanabe,Takumi,T
37741861,12,Sato,Ko,K
37741861,13,Ishii,Keiko,K
37741861,14,Hara,Hiromitsu,H
37741861,15,Imai,Yoshimichi,Y
37741861,16,Kawakami,Kazuyoshi,K
37741860,0,Tang,Zhimeng,Z
37741860,1,Xu,Lei,L
37741860,2,Xie,Cheng,C
37741860,3,Guo,Lirong,L
37741860,4,Zhang,Libo,L
37741860,5,Guo,Shenghui,S
37741860,6,Peng,Jinhui,J
37741863,0,Bonacini,Luca,L
37741863,1,Gallo,Giovanni,G
37741863,2,Patriarca,Fabrizio,F
37741856,0,Wang,Aidong,A
37741856,1,Diana,Aly,A
37741856,2,Rahmannia,Sofa,S
37741856,3,Gibson,Rosalind S,RS
37741856,4,Houghton,Lisa A,LA
37741856,5,Slupsky,Carolyn M,CM
37741857,0,Collard,Maxime K,MK
37741857,1,Bardin,Jérémie,J
37741857,2,Marquet,Bertille,B
37741857,3,Laurin,Michel,M
37741857,4,Ogier-Denis,Éric,É
37741859,0,Mahmoudian,Mehdi,M
37741859,1,Radmehr,Mahsa,M
37741859,2,Alimoradlou,Khadijeh,K
37741859,3,Zamani,Asghar,A
37741859,4,Balkanloo,Peyman Gozali,PG
37741852,0,Lees,Joshua A,JA
37741852,1,Dias,João M,JM
37741825,9,Li,Wenzhe,W
37741825,10,Yan,Jingyu,J
37741825,11,Li,Ming,M
37741829,0,Biermann,Henrik,H
37741829,1,Komitova,Rumena,R
37741829,2,Raabe,Dominik,D
37741829,3,Müller-Budack,Eric,E
37741829,4,Ewerth,Ralph,R
37741829,5,Memmert,Daniel,D
37741812,0,Fierro,Juan J,JJ
37741812,1,Velásquez-Berrío,Manuela,M
37741812,2,Ospina,Alexandra,A
37741812,3,Henning,Svenja,S
37741812,4,de Leeuw,Karina,K
37741812,5,Cadavid J,Ángela P,ÁP
37741821,0,Gonzalez Calle,Alejandra,A
37741821,1,Paknahad,Javad,J
37741821,2,Pollalis,Dimitrios,D
37741821,3,Kosta,Pragya,P
37741821,4,Thomas,Biju,B
37741821,5,Tew,Ben Yi,BY
37741821,6,Salhia,Bodour,B
37741821,7,Louie,Stan,S
37741821,8,Lazzi,Gianluca,G
37741821,9,Humayun,Mark,M
37741830,0,Wu,Jia-Rui,JR
37741830,1,Wu,Gengxin,G
37741830,2,Li,Dongxia,D
37741830,3,Li,Meng-Hao,MH
37741830,4,Wang,Yan,Y
37741830,5,Yang,Ying-Wei,YW
37741823,0,Baek,Jihyun,J
37741823,1,Hossain,Md Delowar,MD
37741823,2,Mukherjee,Pinaki,P
37741823,3,Lee,Junghwa,J
37741823,4,Winther,Kirsten T,KT
37741823,5,Leem,Juyoung,J
37741823,6,Jiang,Yue,Y
37741823,7,Chueh,William C,WC
37741823,8,Bajdich,Michal,M
37741823,9,Zheng,Xiaolin,X
37741818,0,Pajanoja,Ceren,C
37741818,1,Hsin,Jenny,J
37741818,2,Olinger,Bradley,B
37741818,3,Schiffmacher,Andrew,A
37741818,4,Yazejian,Rita,R
37741818,5,Abrams,Shaun,S
37741818,6,Dapkunas,Arvydas,A
37741818,7,Zainul,Zarin,Z
37741818,8,Doyle,Andrew D,AD
37741818,9,Martin,Daniel,D
37741818,10,Kerosuo,Laura,L
37741816,0,Vogel,Katrin,K
37741816,1,Arra,Aditya,A
37741816,2,Lingel,Holger,H
37741816,3,Bretschneider,Dirk,D
37741816,4,Prätsch,Florian,F
37741816,5,Schanze,Denny,D
37741816,6,Zenker,Martin,M
37741816,7,Balk,Silke,S
37741816,8,Bruder,Dunja,D
37741816,9,Geffers,Robert,R
37741816,10,Hachenberg,Thomas,T
37741816,11,Arens,Christoph,C
37741816,12,Brunner-Weinzierl,Monika C,MC
37741822,0,Naidoo,Kimesh Loganathan,KL
37741822,1,Dladla,Sindisiwa,S
37741822,2,Mphahlele,Reratilwe Ephenia,RE
37741822,3,Mosler,Gioia,G
37741822,4,Muyemayema,Sophie,S
37741822,5,Ssemata,Andrew Sentoogo,AS
37741822,6,Mkutumula,Elizabeth,E
37741822,7,Adeyeye,Olayinka Olufunke,OO
37741822,8,Goodman,Olayinka,O
37741822,9,Kuyinu,Yetunde,Y
37741822,10,Nantanda,Rebecca,R
37741822,11,Addo-Yobo,Emmanuel,E
37741822,12,Owusu,Sandra Kwarteng,SK
37741822,13,Arhin,Bernhard,B
37741822,14,Ticklay,Ismail,I
37741822,15,Mujuru,Hilda Angela,HA
37741822,16,Grigg,Jonathan,J
37741822,17,Masekela,Refiloe,R
37741808,0,Isazadeh,Houman,H
37741808,1,Oruji,Farshid,F
37741808,2,Shabani,Shima,S
37741808,3,Behroozi,Javad,J
37741808,4,Nasiri,Hadi,H
37741808,5,Isazadeh,Alireza,A
37741808,6,Akbari,Morteza,M
37741814,0,Ma,Teng,T
37741814,1,Huang,Weiqiang,W
37741814,2,Li,Yalin,Y
37741814,3,Jin,Hao,H
37741814,4,Kwok,Lai-Yu,LY
37741814,5,Sun,Zhihong,Z
37741814,6,Zhang,Heping,H
37741819,0,Kumar,Binesh,B
37741819,1,Devi,Jai,J
37741819,2,Dubey,Amit,A
37741765,4,Klucken,Jochen,J
37741765,5,Kaissis,Georgios,G
37741765,6,Rueckert,Daniel,D
37741765,7,Boll,Susanne,S
37741765,8,Eils,Roland,R
37741765,9,Wagener,Harald,H
37741765,10,Eskofier,Bjoern M,BM
37741759,0,Abe,Yoshiichi,Y
37741759,1,Inoue,Masanori,M
37741759,2,Sekiguchi,Kazuhito,K
37741759,3,Nakano,Satoko,S
37741759,4,Tomaru,Yasuhiro,Y
37741759,5,Maeda,Tomoki,T
37741759,6,Shimizu,Norio,N
37741759,7,Ihara,Kenji,K
37741768,0,Uslu,Arzu,A
37741768,1,Arslan,Selda,S
37741766,0,Arriola Pereda,Gema,G
37741766,1,Labarta Aizpún,Jose I,JI
37741766,2,Sánchez,María Jesús,MJ
37741766,3,Rodriguez Vázquez Del Rey,María Del Mar,MDM
37741766,4,Ruiz Del Prado,María Yolanda,MY
37741767,0,Fernández Monteagudo,Belén,B
37741767,1,Villar Castro,Sonia,S
37741767,2,Carrascosa García,Paula,P
37741767,3,Zeballos Sarrato,Susana,S
37741767,4,Sánchez Luna,Manuel,M
37741774,0,Zhang,Suqin,S
37741774,1,Shi,Yanmei,Y
37741774,2,Dong,Pingping,P
37741763,0,Galligan,Derek,D
37741763,1,Williamson,Staci,S
37741763,2,Myers,Jessie,J
37741763,3,Chen,Andy I,AI
37741763,4,Hayes-Lattin,Brandon,B
37741763,5,Okada,Craig,C
37741763,6,Spurgeon,Stephen,S
37741763,7,Maziarz,Richard,R
37741763,8,Schachter,Levanto,L
37741758,0,Yu,Chia-Hsiang,CH
37741758,1,Chang,Chia-Ning,CN
37741758,2,Wang,Chih-Chien,CC
37741770,0,Sung,Jeong Min,JM
37741770,1,Jun,Young Eun,YE
37741770,2,Jung,Yun Do,YD
37741770,3,Kim,Kyu Nam,KN
37741757,0,Kimoto,Yasuka,Y
37741757,1,Hirata,Katsuya,K
37741757,2,Nozaki,Masatoshi,M
37741757,3,Mochizuki,Narutaka,N
37741757,4,Hirano,Shinya,S
37741757,5,Wada,Kazuko,K
37741762,0,Homaira,Nusrat,N
37741762,1,He,Wen-Qiang,WQ
37741762,2,McRae,Jocelynne,J
37741762,3,Macartney,Kristine,K
37741762,4,Liu,Bette,B
37741749,0,Macaluso,Fabio Salvatore,FS
37741749,1,D'Antonio,Elvira,E
37741749,2,Fries,Walter,W
37741749,3,Viola,Anna,A
37741749,4,Ksissa,Omar,O
37741749,5,Cappello,Maria,M
37741749,6,Muscarella,Stefano,S
37741749,7,Belluardo,Nunzio,N
37741749,8,Giangreco,Emiliano,E
37741749,9,Mocciaro,Filippo,F
37741749,10,Di Mitri,Roberto,R
37741749,11,Ferracane,Concetta,C
37741749,12,Vitello,Alessandro,A
37741749,13,Grova,Mauro,M
37741749,14,Renna,Sara,S
37741749,15,Casà,Angelo,A
37741749,16,De Vivo,Simona,S
37741749,17,Ventimiglia,Marco,M
37741749,18,Orlando,Ambrogio,A
37741749,19,None,None,None
37741761,0,Fu,Yuanyuan,Y
37741761,1,Wu,Kaipeng,K
37741761,2,Wang,Zhanwei,Z
37741761,3,Yang,Hua,H
37741761,4,Chen,Yu,Y
37741761,5,Wu,Lang,L
37741761,6,Yanagihara,Richard,R
37741761,7,Hedges,Jerris R,JR
37741761,8,Wang,Hongwei,H
37741761,9,Deng,Youping,Y
37741761,10,None,None,None
37741747,0,Redolfi,S,S
37741747,1,Straus,C,C
37741747,2,Ninane,V,V
37741747,3,Similowski,T,T
37741764,0,Ducharme,Simon,S
37741764,1,Pijnenburg,Yolande,Y
37741764,2,Rohrer,Jonathan D,JD
37741764,3,Huey,Edward,E
37741764,4,Finger,Elizabeth,E
37741764,5,Tatton,Nadine,N
37741752,0,Bagheri,Jamshid,J
37741752,1,Jameie,Mana,M
37596843,28,Tokushige,Akihiro,A
37596843,29,Ishigami,Masatoshi,M
37596843,30,Kamada,Yoshihiro,Y
37596843,31,Ueda,Shinichiro,S
37596843,32,Aishima,Shinichi,S
37596843,33,Sumida,Yoshio,Y
37596843,34,Nakajima,Atsushi,A
37596843,35,Okanoue,Takeshi,T
37596843,36,None,None,None
37596847,0,Ishida,Miyuki,M
37596847,1,Kuroki,Yoshihito,Y
37596847,2,Agata,Kiyokazu,K
37596839,0,Marathe,Dhananjay D,DD
37596839,1,Jauslin,Petra M,PM
37596839,2,Kleijn,Huub Jan,HJ
37596839,3,de Miranda Silva,Carolina,C
37596839,4,Chain,Anne,A
37596839,5,Bateman,Thomas,T
37596839,6,Shaw,Peter M,PM
37596839,7,Abraham,Anson K,AK
37596839,8,Kauh,Eunkyung A,EA
37596839,9,Liu,Yanfang,Y
37596839,10,Perini,Rodolfo F,RF
37596839,11,de Alwis,Dinesh P,DP
37596839,12,Jain,Lokesh,L
37596852,0,Dabek,Robert J,RJ
37596852,1,Decik,Myroslava,M
37596852,2,Driscoll,Daniel N,DN
37596852,3,Fuzaylov,Gennadiy,G
37596845,0,Wang,Yu-Ting,YT
37596845,1,Hsu,Nai-Wei,NW
37596845,2,Lin,Ching-Heng,CH
37596845,3,Chen,Hsi-Chung,HC
37596849,0,Bańkosz,Magdalena,M
37596849,1,Urbaniak,Mateusz M,MM
37596849,2,Szwed,Aleksandra,A
37596849,3,Rudnicka,Karolina,K
37596849,4,Włodarczyk,Marcin,M
37596849,5,Drabczyk,Anna,A
37596849,6,Kudłacik-Kramarczyk,Sonia,S
37596849,7,Tyliszczak,Bożena,B
37596849,8,Sobczak-Kupiec,Agnieszka,A
37596840,0,Peton,Benjamin,B
37596840,1,Taniguchi,Michiko,M
37596840,2,Mangiola,Massimo,M
37596840,3,Al Malki,Monzr M,MM
37596840,4,Gendzekhadze,Ketevan,K
37596851,0,Bobker,Sarah M,SM
37596837,0,Sprecher,Armand,A
37596837,1,Cross,Robert,R
37596837,2,Marzi,Andrea,A
37596837,3,Martins,Karen A,KA
37596837,4,Wolfe,Daniel,D
37596837,5,Montgomery,Joel M,JM
37596837,6,Spiropoulou,Christina F,CF
37596837,7,Cihlar,Tomas,T
37596837,8,Ahuka-Mundeke,Steve,S
37596837,9,Nyhuis,Tara,T
37596837,10,Teicher,Carrie,C
37596837,11,Crozier,Ian,I
37596837,12,Strong,Jim,J
37596837,13,Kobinger,Gary,G
37596837,14,Woolsey,Courtney,C
37596837,15,Geisbert,Thomas W,TW
37596837,16,Feldmann,Heinz,H
37596837,17,Muyembe,Jean-Jacques,JJ
37596848,0,Srinivasan,Tharageswari,T
37596848,1,Sharma,Praveen,P
37596848,2,Sachdeva,Man Updesh Singh,MUS
37596848,3,Palla,Swetha,S
37596848,4,Bal,Amanjit,A
37596848,5,Peiyam,Srinivasan,S
37596848,6,Sreedharanunni,Sreejesh,S
37596848,7,Naseem,Shano,S
37596848,8,Kumar,Ashwini,A
37596848,9,Nahar,Uma,U
37596846,0,Riemann,Dieter,D
37596841,0,Li,Yating,Y
37596841,1,Yu,Zuhao,Z
37596841,2,Huang,Jianhang,J
37596841,3,Wang,Yonggang,Y
37596841,4,Xia,Yongyao,Y
37596842,0,Liu,Yu,Y
37596842,1,Zou,Daopei,D
37596842,2,Huang,Qiong,Q
37596842,3,Wang,Lei,L
37596844,0,Grewal,Arvind,A
37596844,1,Thabet,Pierre,P
37596844,2,Dubinsky,Samuel,S
37596844,3,Purkayastha,Debanjali,D
37596844,4,Wong,Kristy,K
37596844,5,Marko,Ryan,R
37596844,6,Hiremath,Swapnil,S
37596844,7,Hutton,Brian,B
37596844,8,Kanji,Salmaan,S
37596838,0,Thompson,Kimberly M,KM
37596838,1,Kalkowska,Dominika A,DA
37596838,2,Routh,Janell A,JA
37596838,3,Brenner,I Ravi,IR
37596838,4,Rosenberg,Eli S,ES
37596794,6,Xu,Chao,C
37596794,7,Gao,Yong,Y
37596794,8,Chen,Shiyuan,S
37596790,0,Young,Angela L,AL
37596790,1,Kundu,Suprateek,S
37596790,2,Tappa,Karthik K,KK
37596790,3,Hou,Ping,P
37596790,4,Liu,Ho-Ling,HL
37596790,5,Kumar,Vinodh A,VA
37596793,0,Schagen,M R,MR
37596793,1,Ulu,A N,AN
37596793,2,Francke,M I,MI
37596793,3,van de Wetering,J,J
37596793,4,van Buren,M C,MC
37596793,5,Schoenmakers,S,S
37596793,6,Matic,M,M
37596793,7,van Schaik,R H N,RHN
37596793,8,Hesselink,D A,DA
37596793,9,de Winter,B C M,BCM
37596783,0,Zuckerman,David A,DA
37596783,1,Cooper,Jared B,JB
37596783,2,Sekhri,Nitin K,NK
37596783,3,Bronstein,Matthew,M
37596783,4,Shnaydman,Ilya,I
37596783,5,Carr,Logan,L
37596783,6,Siddiqui,Ammar,A
37596783,7,Pisapia,Jared M,JM
37596786,0,Wang,Yueying,Y
37596786,1,Lv,Yang,Y
37596786,2,Yu,Haiping,H
37596786,3,Hu,Peng,P
37596786,4,Wen,Yi,Y
37596786,5,Wang,Junge,J
37596786,6,Tan,Yiqing,Y
37596786,7,Wu,Hao,H
37596786,8,Zhu,Lixin,L
37596786,9,Wu,Kaixiong,K
37596786,10,Chai,Bingze,B
37596786,11,Liu,Jialong,J
37596786,12,Zeng,Dali,D
37596786,13,Zhang,Guangheng,G
37596786,14,Zhu,Li,L
37596786,15,Gao,Zhenyu,Z
37596786,16,Dong,Guojun,G
37596786,17,Ren,Deyong,D
37596786,18,Shen,Lan,L
37596786,19,Zhang,Qiang,Q
37596786,20,Li,Qing,Q
37596786,21,Guo,Longbiao,L
37596786,22,Xiong,Guosheng,G
37596786,23,Qian,Qian,Q
37596786,24,Hu,Jiang,J
37596785,0,Capera,Jesusa,J
37596785,1,Jainarayanan,Ashwin,A
37596785,2,Navarro-Pérez,María,M
37596785,3,Valvo,Salvatore,S
37596785,4,Demetriou,Philippos,P
37596785,5,Depoil,David,D
37596785,6,Estadella,Irene,I
37596785,7,Kvalvaag,Audun,A
37596785,8,Felce,James H,JH
37596785,9,Felipe,Antonio,A
37596785,10,Dustin,Michael L,ML
37596780,0,Chernomas,Wanda M,WM
37596780,1,Shapiro,Carla R,CR
37596780,2,Plohman,James C,JC
37596780,3,Rabbani,Rasheda,R
37596784,0,Kaushik,Anushka,A
37596784,1,Udgaonkar,Jayant B,JB
37596779,0,Tokareva,Kate,K
37596779,1,Reid,Pankti,P
37596779,2,Yang,Victor,V
37596779,3,Liew,David,D
37596779,4,Peterson,Alexander C,AC
37596779,5,Baraff,Aaron,A
37596779,6,Giles,Jon,J
37596779,7,Singh,Namrata,N
37596787,0,Nojima,Kohei,K
37596787,1,Hayashi,Masahiro,M
37596787,2,Tanemura,Atsushi,A
37596787,3,Al-Busani,Hind,H
37596787,4,Saito,Toru,T
37596787,5,Suzuki,Tamio,T
37596787,6,Ishikawa,Masashi,M
37596787,7,Mori,Taisuke,T
37596787,8,Wada,Shogo,S
37596787,9,Yamazaki,Naoya,N
37596787,10,Katayama,Ichiro,I
37596787,11,Mori,Hiroki,H
37596787,12,Yokozeki,Hiroo,H
37596787,13,Okiyama,Naoko,N
37596787,14,Sasaki,Yoshiyuki,Y
37596787,15,Namiki,Takeshi,T
37596774,0,Asfour,Leila,L
37596774,1,Bokhari,Laita,L
37596774,2,Bhoyrul,Bevin,B
37596774,3,Eisman,Samantha,S
37596774,4,Moussa,Anthony,A
37596774,5,Rees,Huw,H
37596774,6,Sinclair,Rodney D,RD
37596718,6,Xi,Shuiqing,S
37596718,7,Hong,Xiaojian,X
37596718,8,Zhou,Meifang,M
37596718,9,Wang,Haoyu,H